id;description;created_at;read;user_id
1;Wooden;2020-09-29;true;Moldova National
2;Practical Rubber Tuna;2020-09-28;true;Outdoors bypass
3;Generic calculate;2020-09-28;false;Oval AGP even-keeled
4;partnerships Infrastructure;2020-09-29;true;Crescent Cambridgeshire primary
5;neural;2020-09-29;true;XSS
6;Developer innovate;2020-09-28;false;Bahamas
7;contextually-based deposit Tools;2020-09-29;true;mint green
8;iterate;2020-09-29;true;Money Market Account sticky matrices
9;algorithm;2020-09-28;false;Home Loan Account
10;navigating Analyst Montana;2020-09-28;true;Berkshire withdrawal grow
